<environmentvariabledefinition schemaname="cr680_AzureOpenAIKey2">
  <defaultvalue>xxxxxxxxxxxxxxxxxxxxxxxxxxxxxxxx</defaultvalue>
  <description default="AzureOpenAIKey2">
    <label description="AzureOpenAIKey2" languagecode="1033" />
  </description>
  <displayname default="AzureOpenAIKey2">
    <label description="AzureOpenAIKey2" languagecode="1033" />
  </displayname>
  <introducedversion>1.0.0.0</introducedversion>
  <iscustomizable>1</iscustomizable>
  <isrequired>0</isrequired>
  <secretstore>0</secretstore>
  <type>100000000</type>
</environmentvariabledefinition>