<ImportExportXml version="9.2.23092.212" SolutionPackageVersion="9.2" languagecode="1033" generatedBy="CrmLive" xmlns:xsi="http://www.w3.org/2001/XMLSchema-instance">
  <SolutionManifest>
    <UniqueName>SAPSelfService</UniqueName>
    <LocalizedNames>
      <LocalizedName description="SAP Self-Service" languagecode="1033" />
    </LocalizedNames>
    <Descriptions />
    <Version>1.0.0.4</Version>
    <Managed>0</Managed>
    <Publisher>
      <UniqueName>MichaelMergell</UniqueName>
      <LocalizedNames>
        <LocalizedName description="MichaelMergell" languagecode="1033" />
      </LocalizedNames>
      <Descriptions>
        <Description description="SAPInteractionBotunmanaged" languagecode="1033" />
      </Descriptions>
      <EMailAddress xsi:nil="true"></EMailAddress>
      <SupportingWebsiteUrl xsi:nil="true"></SupportingWebsiteUrl>
      <CustomizationPrefix>sapbot</CustomizationPrefix>
      <CustomizationOptionValuePrefix>29659</CustomizationOptionValuePrefix>
    </Publisher>
    <RootComponents>
      <RootComponent type="29" id="{46bfc0e0-cf68-ee11-9ae7-000d3a5c657e}" behavior="0" />
    </RootComponents>
    <MissingDependencies />
  </SolutionManifest>
</ImportExportXml>