<environmentvariabledefinition schemaname="cr680_AzureOpenAIChatURL2">
  <defaultvalue>https://your-endpoint.openai.azure.com/openai/deployments/your-model/chat/completions?api-version=2023-08-01-preview</defaultvalue>
  <description default="OpenAI Chat URL">
    <label description="OpenAI Chat URL" languagecode="1033" />
  </description>
  <displayname default="AzureOpenAIChatURL2">
    <label description="AzureOpenAIChatURL2" languagecode="1033" />
  </displayname>
  <introducedversion>1.0.0.0</introducedversion>
  <iscustomizable>1</iscustomizable>
  <isrequired>0</isrequired>
  <secretstore>0</secretstore>
  <type>100000000</type>
</environmentvariabledefinition>